<?xml version="1.0" encoding="UTF-8"?>
<project-private xmlns="http://www.netbeans.org/ns/project-private/1">
    <editor-bookmarks xmlns="http://www.netbeans.org/ns/editor-bookmarks/2" lastBookmarkId="0"/>
    <open-files xmlns="http://www.netbeans.org/ns/projectui-open-files/2">
        <group>
            <file>file:/C:/Users/TripleB/Documents/NetBeansProjects/testFrame/src/TableObject/Student1.java</file>
            <file>file:/C:/Users/TripleB/Documents/NetBeansProjects/testFrame/src/testframe/LoginAdmin.java</file>
            <file>file:/C:/Users/TripleB/Documents/NetBeansProjects/testFrame/src/TableObject/Department9.java</file>
            <file>file:/C:/Users/TripleB/Documents/NetBeansProjects/testFrame/src/testframe/Department.java</file>
            <file>file:/C:/Users/TripleB/Documents/NetBeansProjects/testFrame/src/testframe/LoginSS.java</file>
            <file>file:/C:/Users/TripleB/Documents/NetBeansProjects/testFrame/src/testframe/test.java</file>
            <file>file:/C:/Users/TripleB/Documents/NetBeansProjects/testFrame/src/testframe/ChooseRole.java</file>
        </group>
    </open-files>
</project-private>
